,continents,country,population,new_cases,active_cases,critical_cases,recovered_cases,1M_pop_cases,total_cases,new_deaths,1M_pop_deaths,total_deaths,1M_pop_tests,total_tests,day,time
0,Asia,China,1439323776.0,+3,58,1,78351,58,83043,,3,4634,,,2020-06-09,2020-06-09T18:00:07+00:00
1,Europe,Italy,60466843.0,+283,32872,263,168646,3896,235561,+79,563,34043,71422,4318650.0,2020-06-09,2020-06-09T18:00:07+00:00
2,Europe,Spain,46753739.0,+249,0,617,0,6182,289046,,580,27136,95508,4465338.0,2020-06-09,2020-06-09T18:00:07+00:00
3,North-America,USA,330885824.0,+7673,1145499,16892,775109,6148,2034166,+503,343,113558,66123,21879274.0,2020-06-09,2020-06-09T18:00:07+00:00
4,Europe,Germany,83768186.0,+256,7449,540,170200,2226,186461,+29,105,8812,51916,4348880.0,2020-06-09,2020-06-09T18:00:07+00:00
5,Asia,Iran,83924324.0,+2095,29045,2639,138457,2096,175927,+74,100,8425,13448,1128601.0,2020-06-09,2020-06-09T18:00:07+00:00
6,Europe,France,65265090.0,+211,53917,1024,71062,2362,154188,+54,448,29209,21216,1384633.0,2020-06-09,2020-06-09T18:00:07+00:00
7,Asia,S-Korea,51266643.0,+38,989,15,10589,231,11852,+1,5,274,20208,1035997.0,2020-06-09,2020-06-09T18:00:07+00:00
8,Europe,Switzerland,8650765.0,+16,365,24,28700,3582,30988,,222,1923,49588,428973.0,2020-06-09,2020-06-09T18:00:07+00:00
9,Europe,UK,67864660.0,+1741,0,516,0,4261,289140,+286,602,40883,86503,5870506.0,2020-06-09,2020-06-09T18:00:07+00:00
10,Europe,Netherlands,17132661.0,+164,0,92,0,2796,47903,+15,352,6031,24774,424448.0,2020-06-09,2020-06-09T18:00:07+00:00
11,Europe,Austria,9003309.0,+11,432,19,15875,1886,16979,,75,672,55637,500921.0,2020-06-09,2020-06-09T18:00:07+00:00
12,Europe,Belgium,11586627.0,+89,33494,115,16324,5130,59437,+13,830,9619,82726,958513.0,2020-06-09,2020-06-09T18:00:07+00:00
13,Europe,Norway,5418646.0,+6,190,5,8138,1581,8567,,44,239,48395,262236.0,2020-06-09,2020-06-09T18:00:07+00:00
14,Europe,Sweden,10095462.0,+202,0,288,0,4549,45924,+23,467,4717,27289,275500.0,2020-06-09,2020-06-09T18:00:07+00:00
15,North-America,Canada,37721735.0,+230,33455,1828,55170,2558,96474,+14,208,7849,51168,1930141.0,2020-06-09,2020-06-09T18:00:07+00:00
16,Europe,Denmark,5790999.0,+39,559,15,10849,2072,12001,,102,593,126217,730924.0,2020-06-09,2020-06-09T18:00:07+00:00
17,Europe,Portugal,10198365.0,+421,12475,65,21339,3462,35306,+7,146,1492,92269,940988.0,2020-06-09,2020-06-09T18:00:07+00:00
18,Asia,Malaysia,32339526.0,+7,1244,6,6975,258,8336,,4,117,19121,618360.0,2020-06-09,2020-06-09T18:00:07+00:00
19,South-America,Brazil,212467494.0,+8562,356007,8318,325602,3386,719449,+528,178,37840,4706,999836.0,2020-06-09,2020-06-09T18:00:07+00:00
20,Oceania,Australia,25481186.0,+2,445,2,6720,285,7267,,4,102,64781,1650684.0,2020-06-09,2020-06-09T18:00:07+00:00
21,Asia,Japan,126499051.0,+33,1110,99,15148,136,17174,,7,916,2505,316848.0,2020-06-09,2020-06-09T18:00:07+00:00
22,Europe,Czechia,10707826.0,+31,2348,11,7052,908,9728,,31,328,44717,478825.0,2020-06-09,2020-06-09T18:00:07+00:00
23,Asia,Turkey,84282117.0,+993,22787,642,144598,2042,172114,+18,56,4729,28656,2415179.0,2020-06-09,2020-06-09T18:00:07+00:00
24,Asia,Israel,9197590.0,+148,2722,29,15159,1977,18180,+1,33,299,73716,678009.0,2020-06-09,2020-06-09T18:00:07+00:00
25,Europe,Ireland,4934313.0,+8,826,34,22698,5110,25215,+8,343,1691,74535,367780.0,2020-06-09,2020-06-09T18:00:07+00:00
26,,Diamond-Princess-,,,82,10,619,,712,,,11,,,2020-04-09,2020-04-09T15:45:06+00:00
27,Europe,Luxembourg,625309.0,+6,34,2,3902,6470,4046,,176,110,142192,88914.0,2020-06-09,2020-06-09T18:00:07+00:00
28,Asia,Pakistan,220603292.0,+4646,71127,111,35018,491,108317,+105,10,2172,3311,730453.0,2020-06-09,2020-06-09T18:00:07+00:00
29,South-America,Chile,19106092.0,+3913,44845,1689,95631,7472,142759,+19,119,2283,39076,746592.0,2020-06-09,2020-06-09T18:00:07+00:00
30,Europe,Poland,37848958.0,+400,13181,160,13196,728,27560,+17,31,1183,28742,1087853.0,2020-06-09,2020-06-09T18:00:07+00:00
31,South-America,Ecuador,17624879.0,+258,18716,228,21020,2461,43378,+21,207,3642,7238,127576.0,2020-06-09,2020-06-09T18:00:07+00:00
32,Europe,Greece,10425839.0,+9,1501,10,1374,293,3058,+1,18,183,22229,231759.0,2020-06-09,2020-06-09T18:00:07+00:00
33,Europe,Finland,5540221.0,+24,901,4,5800,1268,7025,+1,58,324,37110,205600.0,2020-06-09,2020-06-09T18:00:07+00:00
34,Asia,Qatar,2807805.0,+1721,24248,236,47569,25600,71879,+5,22,62,94392,265035.0,2020-06-09,2020-06-09T18:00:07+00:00
35,Europe,Iceland,341109.0,,3,0,1794,5297,1807,,29,10,184111,62802.0,2020-06-09,2020-06-09T18:00:07+00:00
36,Asia,Indonesia,273342397.0,+1043,19739,0,11414,121,33076,+40,7,1923,1570,429161.0,2020-06-09,2020-06-09T18:00:07+00:00
37,Asia,Singapore,5847525.0,+218,12612,3,25877,6586,38514,,4,25,69858,408495.0,2020-06-09,2020-06-09T18:00:07+00:00
38,Asia,Thailand,69789739.0,+2,90,1,2973,45,3121,,0.8,58,6708,468175.0,2020-06-09,2020-06-09T18:00:07+00:00
39,Asia,Saudi-Arabia,34778459.0,+3288,31449,1686,76339,3122,108571,+37,23,783,28087,976815.0,2020-06-09,2020-06-09T18:00:07+00:00
40,Europe,Slovenia,2078922.0,+1,18,0,1359,715,1486,,52,109,41157,85562.0,2020-06-09,2020-06-09T18:00:07+00:00
41,Europe,Romania,19244598.0,+145,4485,152,14910,1078,20749,+15,70,1354,26568,511295.0,2020-06-09,2020-06-09T18:00:07+00:00
42,Asia,India,1379159619.0,+8522,132782,8944,133956,199,274450,+239,6,7712,3565,4916116.0,2020-06-09,2020-06-09T18:00:07+00:00
43,South-America,Peru,32941004.0,+3181,104569,1062,89556,6062,199696,+106,169,5571,36550,1203985.0,2020-06-09,2020-06-09T18:00:07+00:00
44,Asia,Bahrain,1697080.0,+314,5096,13,10606,9269,15731,+2,17,29,222874,378235.0,2020-06-09,2020-06-09T18:00:07+00:00
45,Asia,Philippines,109487582.0,+518,17239,82,4736,210,22992,+6,9,1017,4125,451625.0,2020-06-09,2020-06-09T18:00:07+00:00
46,Europe,Russia,145930871.0,+8595,236714,2300,242397,3325,485253,+171,42,6142,90828,13254678.0,2020-06-09,2020-06-09T18:00:07+00:00
47,Europe,Estonia,1326484.0,+7,194,0,1684,1468,1947,,52,69,68602,91000.0,2020-06-09,2020-06-09T18:00:07+00:00
48,Africa,Egypt,102199634.0,+1365,24798,41,9375,347,35444,+34,12,1271,1321,135000.0,2020-06-09,2020-06-09T18:00:07+00:00
49,Asia,Hong-Kong,7493083.0,+1,55,3,1049,148,1108,,0.5,4,27082,202930.0,2020-06-09,2020-06-09T18:00:07+00:00
50,Africa,South-Africa,59258991.0,+2594,23700,208,26099,859,50879,+82,18,1080,15914,943059.0,2020-06-09,2020-06-09T18:00:07+00:00
51,Asia,Lebanon,6827123.0,+18,543,7,795,200,1368,,4,30,14317,97745.0,2020-06-09,2020-06-09T18:00:07+00:00
52,Asia,Iraq,40160173.0,+787,8045,70,5831,355,14268,+22,10,392,8035,322691.0,2020-06-09,2020-06-09T18:00:07+00:00
53,Europe,Croatia,4106636.0,,11,0,2130,547,2247,+2,26,106,16830,69115.0,2020-06-09,2020-06-09T18:00:07+00:00
54,North-America,Mexico,128847928.0,+2999,18416,378,87633,932,120102,+354,109,14053,2673,344375.0,2020-06-09,2020-06-09T18:00:07+00:00
55,North-America,Panama,4310325.0,+429,6055,87,10401,3910,16854,+5,92,398,16866,72697.0,2020-06-09,2020-06-09T18:00:07+00:00
56,South-America,Colombia,50847406.0,+1483,22984,335,16427,801,40719,+49,26,1308,8294,421725.0,2020-06-09,2020-06-09T18:00:07+00:00
57,Europe,Slovakia,5459490.0,+1,101,0,1402,280,1531,,5,28,34880,190426.0,2020-06-09,2020-06-09T18:00:07+00:00
58,Asia,Kuwait,4266472.0,+630,10705,173,22162,7768,33140,+4,64,273,75356,321506.0,2020-06-09,2020-06-09T18:00:07+00:00
59,Europe,Serbia,8739312.0,+69,367,15,11348,1369,11965,,29,250,32274,282049.0,2020-06-09,2020-06-09T18:00:07+00:00
60,Europe,Bulgaria,6951380.0,+99,1059,15,1587,404,2810,+4,24,164,13197,91735.0,2020-06-09,2020-06-09T18:00:07+00:00
61,Europe,San-Marino,33927.0,+1,163,1,483,20279,688,,1238,42,149173,5061.0,2020-06-09,2020-06-09T18:00:07+00:00
62,Asia,Armenia,2962921.0,+350,9007,10,4451,4615,13675,+6,73,217,24100,71405.0,2020-06-09,2020-06-09T18:00:07+00:00
63,South-America,Argentina,45170095.0,,15354,274,7568,523,23620,+5,15,698,4495,203051.0,2020-06-09,2020-06-09T18:00:07+00:00
64,Asia,Taiwan,23814153.0,,6,0,430,19,443,,0.3,7,3091,73601.0,2020-06-09,2020-06-09T18:00:07+00:00
65,Asia,UAE,9882820.0,+528,16881,1,22740,4038,39904,+2,29,283,256708,2537000.0,2020-06-09,2020-06-09T18:00:07+00:00
66,Africa,Algeria,43798266.0,+117,2707,36,6951,237,10382,+9,17,724,,,2020-06-09,2020-06-09T18:00:07+00:00
67,Europe,Latvia,1887275.0,+1,269,5,794,577,1089,,14,26,63611,120052.0,2020-06-09,2020-06-09T18:00:07+00:00
68,North-America,Costa-Rica,5091239.0,,619,5,712,264,1342,+1,2,11,5818,29622.0,2020-06-09,2020-06-09T18:00:07+00:00
69,North-America,Dominican-Republic,10841126.0,+289,7663,110,12208,1883,20415,+5,50,544,8718,94511.0,2020-06-09,2020-06-09T18:00:07+00:00
70,South-America,Uruguay,3472988.0,,84,4,738,243,845,,7,23,14079,48896.0,2020-06-09,2020-06-09T18:00:07+00:00
71,Europe,Hungary,9661722.0,+3,1143,20,2324,416,4017,+2,57,550,22198,214468.0,2020-06-09,2020-06-09T18:00:07+00:00
72,Asia,Jordan,10196822.0,+14,179,5,657,83,845,,0.9,9,23048,235014.0,2020-06-09,2020-06-09T18:00:07+00:00
73,Europe,Lithuania,2724198.0,+7,317,17,1338,634,1727,+1,26,72,124834,340073.0,2020-06-09,2020-06-09T18:00:07+00:00
74,Africa,Morocco,36882853.0,+135,734,15,7493,229,8437,+2,6,210,9100,335643.0,2020-06-09,2020-06-09T18:00:07+00:00
75,Asia,Vietnam,97282041.0,+3,16,1,316,3,332,,,0,2827,275000.0,2020-06-09,2020-06-09T18:00:07+00:00
76,Europe,Bosnia-and-Herzegovina,3281922.0,+24,519,4,2049,831,2728,,49,160,22095,72514.0,2020-06-09,2020-06-09T18:00:07+00:00
77,Europe,Faeroe-Islands,48851.0,,0,0,187,3828,187,,,0,210804,10298.0,2020-06-09,2020-06-09T18:00:07+00:00
78,Europe,Andorra,77257.0,,50,7,751,11028,852,,660,51,48539,3750.0,2020-06-09,2020-06-09T18:00:07+00:00
79,Europe,North-Macedonia,2083379.0,+87,1424,34,1658,1555,3239,+1,75,157,18246,38014.0,2020-06-09,2020-06-09T18:00:07+00:00
80,Asia,Cyprus,1206824.0,+2,147,4,807,805,972,,15,18,103836,125312.0,2020-06-09,2020-06-09T18:00:07+00:00
81,Asia,Brunei,437219.0,,1,1,138,322,141,,5,2,51837,22664.0,2020-06-09,2020-06-09T18:00:07+00:00
82,Europe,Moldova,4034488.0,+218,3863,305,5797,2485,10025,+12,90,365,15697,63328.0,2020-06-09,2020-06-09T18:00:07+00:00
83,Asia,Sri-Lanka,21407923.0,+1,790,1,1057,87,1858,,0.5,11,3595,76957.0,2020-06-09,2020-06-09T18:00:07+00:00
84,Europe,Albania,2877975.0,+36,305,6,960,451,1299,,12,34,5808,16716.0,2020-06-09,2020-06-09T18:00:07+00:00
85,Europe,Belarus,9449500.0,+812,25477,92,24506,5319,50265,+6,30,282,68169,644160.0,2020-06-09,2020-06-09T18:00:07+00:00
86,Europe,Malta,441474.0,+2,26,0,597,1432,632,,20,9,174490,77033.0,2020-06-09,2020-06-09T18:00:07+00:00
87,South-America,Venezuela,28440431.0,+96,1964,0,487,87,2473,,0.8,22,47233,1343336.0,2020-06-09,2020-06-09T18:00:07+00:00
88,Africa,Burkina-Faso,20862110.0,+1,73,0,765,43,891,,3,53,,,2020-06-09,2020-06-09T18:00:07+00:00
89,Africa,Tunisia,11810540.0,,56,1,982,92,1087,,4,49,4692,55419.0,2020-06-09,2020-06-09T18:00:07+00:00
90,North-America,Guadeloupe,400119.0,+2,6,1,144,410,164,,35,14,12434,4975.0,2020-06-09,2020-06-09T18:00:07+00:00
91,Africa,Senegal,16712504.0,+89,1655,14,2809,270,4516,+3,3,52,3245,54232.0,2020-06-09,2020-06-09T18:00:07+00:00
92,Asia,Kazakhstan,18762470.0,+215,4998,62,8015,697,13074,+5,3,61,53221,998556.0,2020-06-09,2020-06-09T18:00:07+00:00
93,Asia,Azerbaijan,10133526.0,+315,3487,66,4606,808,8191,+5,10,98,33887,343391.0,2020-06-09,2020-06-09T18:00:07+00:00
94,Asia,Cambodia,16704067.0,,2,1,124,8,126,,,0,1430,23879.0,2020-06-09,2020-06-09T18:00:07+00:00
95,Asia,Palestine,5093173.0,+1,67,0,404,93,474,,0.6,3,8811,44876.0,2020-06-09,2020-06-09T18:00:07+00:00
96,Oceania,New-Zealand,5002100.0,,0,0,1482,301,1504,,4,22,59155,295901.0,2020-06-09,2020-06-09T18:00:07+00:00
97,Asia,Oman,5097444.0,+712,13963,85,4152,3570,18198,+2,16,83,22377,114064.0,2020-06-09,2020-06-09T18:00:07+00:00
98,Asia,Georgia,3989597.0,+6,119,6,686,205,818,,3,13,16975,67725.0,2020-06-09,2020-06-09T18:00:07+00:00
99,North-America,Trinidad-and-Tobago,1399209.0,,0,0,109,84,117,,6,8,2445,3421.0,2020-06-09,2020-06-09T18:00:07+00:00
100,Europe,Ukraine,43747990.0,+394,14634,304,12412,637,27856,+13,19,810,9999,437444.0,2020-06-09,2020-06-09T18:00:07+00:00
101,Africa,R&eacute;union,894906.0,+1,33,4,447,537,481,,1,1,19220,17200.0,2020-06-09,2020-06-09T18:00:07+00:00
102,Asia,Uzbekistan,33437803.0,+42,1020,9,3444,134,4482,,0.5,18,22386,748555.0,2020-06-09,2020-06-09T18:00:07+00:00
103,Africa,Cameroon,26499342.0,+252,3306,28,4794,314,8312,,8,212,,,2020-06-09,2020-06-09T18:00:07+00:00
104,North-America,Martinique,375285.0,+2,90,0,98,538,202,,37,14,,,2020-06-09,2020-06-09T18:00:07+00:00
105,Europe,Liechtenstein,,,26,0,55,2151,82,,,1,,900.0,2020-06-09,2020-06-09T18:00:07+00:00
106,Europe,Channel-Islands,173759.0,+1,6,0,512,3246,564,,265,46,59019,10255.0,2020-06-09,2020-06-09T18:00:07+00:00
107,Asia,Bangladesh,164587111.0,+3171,55363,1,15337,435,71675,+45,6,975,2586,425595.0,2020-06-09,2020-06-09T18:00:07+00:00
108,Asia,Afghanistan,38867774.0,+542,18424,19,2651,552,21459,+15,10,384,1274,49530.0,2020-06-09,2020-06-09T18:00:07+00:00
109,North-America,Honduras,9894290.0,+123,5448,13,740,652,6450,+4,26,262,2177,21540.0,2020-06-09,2020-06-09T18:00:07+00:00
110,Africa,DRC,89361277.0,+153,3630,0,539,48,4259,+2,1,90,,,2020-06-09,2020-06-09T18:00:07+00:00
111,Africa,Nigeria,205766196.0,+315,8400,7,4040,62,12801,+7,2,361,380,78244.0,2020-06-09,2020-06-09T18:00:07+00:00
112,North-America,Cuba,11327009.0,+5,242,1,1880,195,2205,,7,83,10824,122603.0,2020-06-09,2020-06-09T18:00:07+00:00
113,Africa,Ghana,31028714.0,+272,6217,3,3645,319,9910,+4,2,48,7588,235443.0,2020-06-09,2020-06-09T18:00:07+00:00
114,,Puerto-Rico,,+8,36,0,1,14,39,,,2,,,2020-03-25,2020-03-25T06:00:07+00:00
115,North-America,Jamaica,2960399.0,+1,184,2,405,202,599,,3,10,5000,14802.0,2020-06-09,2020-06-09T18:00:07+00:00
116,South-America,Bolivia,11662786.0,+306,11315,3,2159,1196,13949,+10,41,475,3266,38092.0,2020-06-09,2020-06-09T18:00:07+00:00
117,South-America,Guyana,786315.0,,58,2,84,196,154,,15,12,2310,1816.0,2020-06-09,2020-06-09T18:00:07+00:00
118,South-America,Paraguay,7126969.0,+42,572,2,604,167,1187,,2,11,5464,38942.0,2020-06-09,2020-06-09T18:00:07+00:00
119,Asia,Macao,,,0,0,45,69,45,,,0,,,2020-06-09,2020-06-09T18:00:07+00:00
120,Europe,Monaco,39222.0,,2,1,93,2524,99,,102,4,413034,16200.0,2020-06-09,2020-06-09T18:00:07+00:00
121,South-America,French-Guiana,298133.0,+44,344,6,427,2593,773,,7,2,929,277.0,2020-06-09,2020-06-09T18:00:07+00:00
122,North-America,Guatemala,17893400.0,+447,5912,5,1323,419,7502,+15,15,267,1756,31427.0,2020-06-09,2020-06-09T18:00:07+00:00
123,Africa,Rwanda,12928753.0,+12,152,0,297,35,451,,0.2,2,6053,78259.0,2020-06-09,2020-06-09T18:00:07+00:00
124,Europe,Montenegro,628061.0,,0,0,315,516,324,,14,9,20995,13186.0,2020-06-09,2020-06-09T18:00:07+00:00
125,Africa,Togo,8264689.0,+2,233,0,251,60,497,,2,13,2814,23255.0,2020-06-09,2020-06-09T18:00:07+00:00
126,Oceania,French-Polynesia,280797.0,,0,0,60,214,60,,,0,15178,4262.0,2020-06-09,2020-06-09T18:00:07+00:00
127,,Guam,,+3,31,0,0,190,32,,,1,,,2020-03-25,2020-03-25T06:00:07+00:00
128,Africa,Mauritius,1271640.0,,3,0,324,265,337,,8,10,105284,133883.0,2020-06-09,2020-06-09T18:00:07+00:00
129,North-America,Barbados,287354.0,,4,1,81,320,92,,24,7,20619,5925.0,2020-06-09,2020-06-09T18:00:07+00:00
130,Africa,Ivory-Coast,26330544.0,+142,1974,0,1869,147,3881,+2,1,38,1229,32349.0,2020-06-09,2020-06-09T18:00:07+00:00
131,Asia,Kyrgyzstan,6517111.0,+23,548,5,1483,315,2055,+1,4,24,19495,127051.0,2020-06-09,2020-06-09T18:00:07+00:00
132,Asia,Maldives,539912.0,+26,924,9,1010,3597,1942,,15,8,53601,28940.0,2020-06-09,2020-06-09T18:00:07+00:00
133,Africa,Mayotte,272354.0,+24,493,12,1654,7986,2175,+3,103,28,29924,8150.0,2020-06-09,2020-06-09T18:00:07+00:00
134,Europe,Gibraltar,33692.0,,11,0,165,5224,176,,,0,275525,9283.0,2020-06-09,2020-06-09T18:00:07+00:00
135,Asia,Mongolia,3274827.0,,109,15,85,59,194,,,0,4997,16365.0,2020-06-09,2020-06-09T18:00:07+00:00
136,Africa,Ethiopia,114763301.0,+180,1925,32,379,20,2336,+5,0.3,32,1327,152334.0,2020-06-09,2020-06-09T18:00:07+00:00
137,Africa,Kenya,53689786.0,+127,2028,7,873,56,2989,+3,2,88,1875,100683.0,2020-06-09,2020-06-09T18:00:07+00:00
138,Africa,Seychelles,,,0,0,11,112,11,,,0,,,2020-06-09,2020-06-09T18:00:07+00:00
139,Africa,Equatorial-Guinea,1399153.0,,1094,0,200,933,1306,,9,12,5909,8268.0,2020-06-09,2020-06-09T18:00:07+00:00
140,Africa,Tanzania,,,305,7,183,9,509,,,21,,,2020-06-09,2020-06-09T18:00:07+00:00
141,,US-Virgin-Islands,,+11,17,0,0,163,17,,,0,,,2020-03-25,2020-03-25T06:00:07+00:00
142,Africa,Gabon,2221499.0,+146,2247,13,833,1396,3101,,9,21,7531,16730.0,2020-06-09,2020-06-09T18:00:07+00:00
143,North-America,Aruba,106737.0,,0,0,98,946,101,,28,3,20415,2179.0,2020-06-09,2020-06-09T18:00:07+00:00
144,North-America,Saint-Martin,,,5,1,33,1062,41,,,3,,614.0,2020-06-09,2020-06-09T18:00:07+00:00
145,South-America,Suriname,586307.0,+2,119,1,9,222,130,,3,2,1987,1165.0,2020-06-09,2020-06-09T18:00:07+00:00
146,North-America,Bahamas,393000.0,,28,1,64,262,103,,28,11,5662,2225.0,2020-06-09,2020-06-09T18:00:07+00:00
147,Oceania,New-Caledonia,285320.0,,0,0,20,70,20,,,0,25435,7257.0,2020-06-09,2020-06-09T18:00:07+00:00
148,North-America,Cayman-Islands,65671.0,+7,68,0,102,2604,171,,15,1,224346,14733.0,2020-06-09,2020-06-09T18:00:07+00:00
149,North-America,Cura&ccedil;ao,164044.0,,5,0,15,128,21,,6,1,6004,985.0,2020-06-09,2020-06-09T18:00:07+00:00
150,Africa,Cabo-Verde,555608.0,+18,310,0,270,1053,585,,9,5,2352,1307.0,2020-06-09,2020-06-09T18:00:07+00:00
151,Africa,CAR,4824200.0,+216,1807,0,38,383,1850,,1,5,3292,15881.0,2020-06-09,2020-06-09T18:00:07+00:00
152,Africa,Congo,5507429.0,+48,451,0,210,124,683,+2,4,22,,,2020-06-09,2020-06-09T18:00:07+00:00
153,North-America,El-Salvador,6484249.0,+87,1720,91,1413,492,3191,+3,9,58,17161,111274.0,2020-06-09,2020-06-09T18:00:07+00:00
154,Africa,Liberia,5049404.0,+13,153,0,199,76,383,+1,6,31,,,2020-06-09,2020-06-09T18:00:07+00:00
155,Africa,Madagascar,27640577.0,+44,855,9,274,41,1138,,0.3,9,496,13707.0,2020-06-09,2020-06-09T18:00:07+00:00
156,Africa,Namibia,2537711.0,+2,15,1,16,12,31,,,0,1948,4943.0,2020-06-09,2020-06-09T18:00:07+00:00
157,North-America,St-Barth,9875.0,,0,0,6,608,6,,,0,15392,152.0,2020-06-09,2020-06-09T18:00:07+00:00
158,Africa,Zimbabwe,14848319.0,+5,237,0,46,19,287,,0.3,4,3563,52905.0,2020-06-09,2020-06-09T18:00:07+00:00
159,Africa,Sudan,43775253.0,+161,3811,0,2059,143,6242,+13,8,372,9,401.0,2020-06-09,2020-06-09T18:00:07+00:00
160,Africa,Angola,32787913.0,+1,50,1,38,3,92,,0.1,4,305,10000.0,2020-06-09,2020-06-09T18:00:07+00:00
161,Africa,Benin,12100615.0,+17,113,2,188,25,305,,0.3,4,3727,45100.0,2020-06-09,2020-06-09T18:00:07+00:00
162,North-America,Bermuda,62291.0,,12,2,120,2264,141,,144,9,131143,8169.0,2020-06-09,2020-06-09T18:00:07+00:00
163,Asia,Bhutan,771074.0,,42,0,17,77,59,,,0,25655,19782.0,2020-06-09,2020-06-09T18:00:07+00:00
164,Oceania,Fiji,895961.0,,0,0,18,20,18,,,0,2713,2431.0,2020-06-09,2020-06-09T18:00:07+00:00
165,North-America,Greenland,56764.0,,0,0,13,229,13,,,0,42492,2412.0,2020-06-09,2020-06-09T18:00:07+00:00
166,Africa,Guinea,13106296.0,+99,1275,24,2918,322,4216,,2,23,1099,14407.0,2020-06-09,2020-06-09T18:00:07+00:00
167,North-America,Haiti,11393700.0,+204,3460,0,24,311,3538,+3,5,54,654,7451.0,2020-06-09,2020-06-09T18:00:07+00:00
168,Europe,Isle-of-Man,85005.0,,0,0,312,3953,336,,282,24,62138,5282.0,2020-06-09,2020-06-09T18:00:07+00:00
169,Africa,Mauritania,4640624.0,+55,926,7,119,238,1104,+4,13,59,1649,7654.0,2020-06-09,2020-06-09T18:00:07+00:00
170,North-America,Nicaragua,6618054.0,+359,702,0,370,169,1118,+11,7,46,,,2020-06-09,2020-06-09T18:00:07+00:00
171,North-America,Saint-Lucia,183575.0,,1,0,18,103,19,,,0,6559,1204.0,2020-06-09,2020-06-09T18:00:07+00:00
172,Africa,Zambia,18345399.0,+111,278,1,912,65,1200,+3,0.5,10,1539,28236.0,2020-06-09,2020-06-09T18:00:07+00:00
173,Asia,Nepal,29101899.0,+324,3487,0,584,140,4086,+1,0.5,15,9363,272489.0,2020-06-09,2020-06-09T18:00:07+00:00
174,North-America,Antigua-and-Barbuda,97866.0,,3,1,20,266,26,,31,3,2514,246.0,2020-06-09,2020-06-09T18:00:07+00:00
175,Africa,Chad,16391677.0,+5,67,0,706,51,844,+1,4,71,,,2020-06-09,2020-06-09T18:00:07+00:00
176,Africa,Djibouti,987070.0,+53,2158,0,2139,4388,4331,+3,34,34,36975,36497.0,2020-06-09,2020-06-09T18:00:07+00:00
177,Africa,Eritrea,,,0,0,39,11,39,,,0,,,2020-06-09,2020-06-09T18:00:07+00:00
178,Africa,Gambia,2411580.0,+2,6,0,21,12,28,,0.4,1,791,1907.0,2020-06-09,2020-06-09T18:00:07+00:00
179,Europe,Vatican-City,801.0,,0,0,12,14981,12,,,0,,,2020-06-09,2020-06-09T18:00:07+00:00
180,North-America,Montserrat,,,0,0,10,2204,11,,,1,,61.0,2020-06-09,2020-06-09T18:00:07+00:00
181,Africa,Niger,24136909.0,,39,0,869,40,973,,3,65,257,6215.0,2020-06-09,2020-06-09T18:00:07+00:00
182,Oceania,Papua-New-Guinea,8931936.0,,0,0,8,0.9,8,,,0,520,4646.0,2020-06-09,2020-06-09T18:00:07+00:00
183,North-America,St-Vincent-Grenadines,110917.0,+1,11,0,16,243,27,,,0,5752,638.0,2020-06-09,2020-06-09T18:00:07+00:00
184,North-America,Sint-Maarten,42840.0,,1,1,61,1797,77,,350,15,10971,470.0,2020-06-09,2020-06-09T18:00:07+00:00
185,Africa,Somalia,15861260.0,+48,1842,2,489,152,2416,+1,5,85,,,2020-06-09,2020-06-09T18:00:07+00:00
186,Africa,Eswatini,1159413.0,+31,136,5,232,320,371,,3,3,5650,6551.0,2020-06-09,2020-06-09T18:00:07+00:00
187,Asia,Timor-Leste,1316345.0,,0,0,24,18,24,,,0,1191,1568.0,2020-06-09,2020-06-09T18:00:07+00:00
188,Africa,Uganda,45633864.0,+11,539,0,118,14,657,,,0,2283,104160.0,2020-06-09,2020-06-09T18:00:07+00:00
189,All,All,,+72037,3275849,53984,3575557,932,7262484,+2838,52.7,411078,,,2020-06-09,2020-06-09T18:00:07+00:00
190,Africa,Mozambique,31192256.0,+20,315,0,136,15,453,,0.06,2,487,15190.0,2020-06-09,2020-06-09T18:00:07+00:00
191,Asia,Syria,17470870.0,+2,78,0,62,8,146,,0.3,6,,,2020-06-09,2020-06-09T18:00:07+00:00
192,North-America,Grenada,112491.0,,1,1,22,204,23,,,0,36714,4130.0,2020-06-09,2020-06-09T18:00:07+00:00
193,North-America,Dominica,71973.0,,2,0,16,250,18,,,0,7419,534.0,2020-06-09,2020-06-09T18:00:07+00:00
194,North-America,Turks-and-Caicos,38679.0,,0,0,11,310,12,,26,1,4964,192.0,2020-06-09,2020-06-09T18:00:07+00:00
195,North-America,Belize,397068.0,+1,1,0,16,48,19,,5,2,4385,1741.0,2020-06-09,2020-06-09T18:00:07+00:00
196,Asia,Myanmar,54387686.0,+2,81,0,159,5,246,,0.1,6,721,39211.0,2020-06-09,2020-06-09T18:00:07+00:00
197,Asia,Laos,7268725.0,,0,0,19,3,19,,,0,1228,8926.0,2020-06-09,2020-06-09T18:00:07+00:00
198,Africa,Libya,6865033.0,+76,270,0,57,48,332,,0.7,5,1533,10525.0,2020-06-09,2020-06-09T18:00:07+00:00
199,Africa,Mali,20208491.0,+39,561,0,931,78,1586,+2,5,94,172,3483.0,2020-06-09,2020-06-09T18:00:07+00:00
200,Africa,Guinea-Bissau,1964631.0,+21,1224,5,153,707,1389,,6,12,764,1500.0,2020-06-09,2020-06-09T18:00:07+00:00
201,North-America,British-Virgin-Islands,,,0,0,7,265,8,,,1,,167.0,2020-06-09,2020-06-09T18:00:07+00:00
202,North-America,Saint-Kitts-and-Nevis,53173.0,,0,0,15,282,15,,,0,7673,408.0,2020-06-09,2020-06-09T18:00:07+00:00
203,North-America,Anguilla,,,0,0,3,200,3,,,0,,41.0,2020-06-09,2020-06-09T18:00:07+00:00
204,,MS-Zaandam-,,+7,7,0,0,,9,+2,,2,,,2020-04-09,2020-04-09T15:45:06+00:00
205,,MS-Zaandam,,,7,0,0,,9,,,2,,,2020-06-09,2020-06-09T18:00:07+00:00
206,Africa,Botswana,2348277.0,+2,17,1,24,18,42,,0.4,1,11173,26238.0,2020-06-09,2020-06-09T18:00:07+00:00
207,Africa,Sierra-Leone,7965970.0,+24,354,0,621,129,1025,+1,6,50,,,2020-06-09,2020-06-09T18:00:07+00:00
208,Africa,Burundi,11861964.0,+20,37,0,45,7,83,,0.08,1,32,382.0,2020-06-09,2020-06-09T18:00:07+00:00
209,North-America,Caribbean-Netherlands,26203.0,,0,0,7,267,7,,,0,16181,424.0,2020-06-09,2020-06-09T18:00:07+00:00
210,Africa,Malawi,19093535.0,+5,384,4,55,23,443,,0.2,4,343,6542.0,2020-06-09,2020-06-09T18:00:07+00:00
211,South-America,Falkland-Islands,3473.0,,0,0,13,3743,13,,,0,154045,535.0,2020-06-09,2020-06-09T18:00:07+00:00
212,Africa,Western-Sahara,,,2,0,6,15,9,,,1,,,2020-06-09,2020-06-09T18:00:07+00:00
213,Africa,South-Sudan,11185064.0,+287,1570,0,15,143,1604,+5,2,19,300,3356.0,2020-06-09,2020-06-09T18:00:07+00:00
214,North-America,Saint-Pierre-Miquelon,,,0,0,1,173,1,,,0,,,2020-06-09,2020-06-09T18:00:07+00:00
215,Africa,Sao-Tome-and-Principe,218887.0,+1,426,0,76,2348,514,,55,12,5003,1095.0,2020-06-09,2020-06-09T18:00:07+00:00
216,North-America,North-America,,+12058,1229613,19421,948494,,2315394,+902,,137287,,,2020-06-09,2020-06-09T18:00:07+00:00
217,Europe,Europe,,+14358,839128,7082,1104935,,2124125,+702,,180062,,,2020-06-09,2020-06-09T18:00:07+00:00
218,Asia,Asia,,+31348,523612,15061,863943,,1423830,+636,,36275,,,2020-06-09,2020-06-09T18:00:07+00:00
219,South-America,South-America,,+12869,576931,11924,560325,,1189145,+562,,51889,,,2020-06-09,2020-06-09T18:00:07+00:00
220,Oceania,Oceania,,+2,445,2,8308,,8877,,,124,,,2020-06-09,2020-06-09T18:00:07+00:00
221,Africa,Africa,,+1402,106065,490,88901,,200392,+36,,5426,,,2020-06-09,2020-06-09T18:00:07+00:00
222,,Diamond-Princess,,,48,4,651,,712,,,13,,,2020-06-09,2020-06-09T18:00:07+00:00
223,Asia,Yemen,29778960.0,+12,361,0,23,17,496,,4,112,4,120.0,2020-06-09,2020-06-09T18:00:07+00:00
224,Asia,Tajikistan,9522852.0,+81,1827,0,2815,492,4690,,5,48,,,2020-06-09,2020-06-09T18:00:07+00:00
225,Africa,Comoros,868181.0,+9,72,0,67,162,141,,2,2,,,2020-06-09,2020-06-09T18:00:07+00:00
226,Africa,Lesotho,2140931.0,+2,2,0,2,2,4,,,0,708,1515.0,2020-06-09,2020-06-09T18:00:07+00:00
